x,y
-0.23672152430813212,1.465725818587894
-1.3199782049217423,0.34302792143715216
-0.42960740958940935,-0.8667277783631901
-0.06046756306222681,-1.0695240316172894
0.1369190334928329,-1.4307971957650094
-1.2902059223699216,0.3449773755416249
-1.489765672758814,1.0256316571242774
-1.590856555516722,-0.7548991982220772
0.650187482225309,0.33523742460051725
-0.0025656401730089276,-0.08409459971202027
-1.5431903642211018,-0.2387754528708611
-0.16087939172150328,-0.328809601186303
-1.5832536210733015,-0.2184521022451401
0.6161755751471794,-0.39852040245446485
-0.3350577471058022,-1.5957426742884513
1.2071138061196898,-1.8239063387335215
-0.18662818968572292,0.31528790052398437
1.3896019660273837,-1.5643552815874209
-0.23220826218183327,-0.4657193262361915
0.7110558435356464,0.42032509238585436
-0.2103071908455449,0.5489300236557204
-0.5013179121910015,0.816681015128687
0.07206176717437807,-0.40466144734098114
-1.305807766244415,-1.9390106488803438
1.6858619200348193,0.2109852919072759
-0.5516218157790452,-1.8019948889599295
0.6291393562594028,1.3457300225064492
-1.0915425916195751,-1.3857126754802078
0.5368078323837009,-0.5644011203638265
-0.5161457994900095,-1.8291743016129605
0.40238486291954517,0.29494432982433155
-0.20591503765878633,-0.1783679403597912
1.0961272145210457,-1.1998418610649009
0.5927522709978028,-0.4871293892088807
-0.40613525946793705,0.01864805945026683
-0.4887145012791534,-0.7605716133329212
-0.5738532612893296,-1.604777192200414
-0.7638345734135257,0.08095981545051162
-0.2229588730275281,-0.4262202491707261
0.8573791433942891,1.1385225424917738
0.3458449235034685,-0.43819566372612917
0.11686766468965655,-1.8136728982911765
0.7494602805107838,0.008275491626646614
-0.48425113946407256,1.4169600332613217
1.5169853466930174,0.618358364740706
0.2814800583332689,1.1072910500342026
3.190312220906742,0.26240495384639073
1.4620420663032576,0.4299740126634061
-0.3729688094711858,-0.2239296927551048
-1.383862033190224,0.2300141603099521
2.0137187320236696,1.5145406078114096
-0.13968125710204674,-0.5078902569731779
-0.13150804448074588,0.5964016273315295
-0.21248801925425997,-1.1465905148613793
-0.17258453015885505,0.31566247022073324
2.6725499907132853,0.17885466335460726
-0.16085198919927424,1.6350187487723613
0.7717527781290509,1.5166801891423864
-0.22132575825665612,-1.4515711363367
0.15458454912997868,-1.9069144169220522
0.042968395887596184,-1.7009002596865919
0.4024472168746585,0.8212222183721952
-1.2952124400433187,-0.5285891341418425
1.5813949415740576,-0.6765246912795851
-0.1234008324937141,0.49413561961782515
1.4435498001314704,0.5433191749889907
-0.44476796958181336,-0.9184068868966595
-0.4170702811302594,1.3742017947433671
-0.6289922794608169,-0.7571695330427427
0.7064356709697929,-1.6933782632961678
0.6523178636139372,-0.6017063167291327
0.2900764118749928,-0.16962390473135805
0.020705843507898815,-1.6547879570256963
0.7947628430925745,-0.21081914250732264
0.8886179963804345,0.09123056129627213
2.485903196842452,-0.5087640778836883
0.9312247290351815,-1.619151239895699
0.3034202110042573,0.7450734959283751
-0.5021965583859346,0.7135568832628302
1.5654467695164627,0.9516150137712108
-0.32858257241798705,-0.44974849700570746
0.04191164688877328,0.5196270939301117
0.7194477976455519,1.1985461300601823
0.8143557337913159,-0.09999757549781095
1.3422691144380778,0.5205816882188372
-0.5252045150721166,-0.7812959091548252
0.789103038274876,-0.36491093920399714
-1.6303978911867896,0.5098813398519498
1.3948775204701278,0.17466019101697805
0.3764361212236639,-1.0605237115310677
0.7042513368315241,-1.007608238834559
-0.3346615814831519,0.6176680609248546
0.34706763015065517,0.5661945013719267
-0.05940598712396948,0.08469003419238635
-1.3421955858704304,-1.1805220585926153
-0.3561650984542912,0.8874965722908827
-0.8580743128685093,1.1233111350513283
0.8360929662955954,1.0710914051134928
0.3399109008445825,0.0016919670379863657
-1.7606670535581794,1.136810289367129
-0.6752040872236975,-1.2377672897560743
-0.6606943775218417,-1.3425741122918167
-1.099712538111733,-0.42197855640630055
0.3616961520968954,-1.111289922478507
-0.446791950402994,0.25011494105313364
0.030941857627677087,1.6687650996926666
-0.40459390429152176,0.9364473730439911
-0.3473866352819458,0.5210204302009837
-0.26832031155363484,-0.4036140606071568
0.3440242737715894,0.12667055646444228
-0.7559892191672778,-0.31236968532665765
0.6761450481899465,0.16047558956587454
-0.47821995759356206,0.0021994406663976085
-0.6962068419957559,0.7283757429736072
1.2265005856545277,-0.11654960150606075
0.1465050112846897,-0.10354843788708691
0.11942568385000521,-0.6618840905233074
-0.06739931338022485,1.6892599633759011
-0.44668748974594563,-0.7178004323903658
-0.4332364109410464,0.6611765050941862
-0.7149054098273884,-0.33119661990996724
-1.280778581390642,2.6282042402773445
0.23045067721182314,0.29992236788610416
1.0840938782739977,-0.047913078167999154
0.336339136360284,0.23675094636258762
-0.5411818528741613,0.9606823584859486
0.0065177086300097845,-1.040364126669855
0.7379828081634041,0.14032576555413964
-0.09152212515900163,1.5983872087523563
-0.869034361487451,-1.4704686717092632
0.6540296220860882,0.6308810234323547
0.564670153858307,0.7280065120712987
-0.3398027922610605,3.1447549243502677
0.2198294991584965,2.167948162392564
0.6982246877480087,-1.5686230222545106
-0.6010338991774503,-0.09954072267870057
1.0055392403474133,-1.3812006131896113
-0.2831010979768252,-0.9635910082767041
-0.389863637106359,0.19663284477599477
-1.5024226183617457,0.2200015337975016
-0.7585479245207456,-0.2226190696284627
-1.0760802898665158,0.9251500787253614
-0.4562691819357867,0.05317713090638829
0.44847795754166725,-1.5479100105180545
1.397561787419932,-0.9759379337729087
-1.2522579707106265,-0.37065457348742037
-0.368252649813364,0.3537698870423096
0.8920122785895159,-0.640173682177079
0.6655361010915928,1.5401541275882993
1.540244597143607,0.025951806296411573
-0.19382493123069794,0.1264748416212814
-0.18483920384671537,0.8254145753896185
1.6923241886602371,-1.1173853373586038
0.2640012081492643,-1.2185111197850382
-0.2914068068051227,1.42476430489622
-0.5973070248869116,-1.4165795964415155
-0.35395984569286,-1.3787983616498414
1.3498595750101345,-1.7181602708502381
0.07738608080426772,-0.08799284158958931
1.003698701036436,-0.204531014562333
-0.31219151418465435,-0.8385551683569961
0.4270305279148724,0.7636565479485847
-1.0571609752371538,-1.2486832988006125
0.6085774175293704,0.7533606295443543
0.8565163005966777,0.31300421300043507
-1.7229435123606183,0.7576098385113481
0.13403356998573046,1.2467544138239515
2.0404167666901234,-0.37606653021295944
1.000204687877332,-1.1610855493121781
0.05986038778347936,-0.11157345121557521
0.6787094669865155,0.040860756253603595
-0.056236177040354815,-0.5658143922719727
0.12479408384402077,-0.5346841434843618
0.664383439984537,0.12623207507826312
0.21042194204152334,1.0165957755743449
0.000251218977715703,-0.21467117376931008
-0.07905394959073782,-0.5104500693821721
-0.17623371361761267,0.9368200870246134
1.3406710836707734,-0.9831409807788775
-0.859179284008837,-1.7259108117681343
-1.3725031655309705,0.5931543730346637
0.3360764740062646,0.9505869169564061
0.8128279672050417,-0.16859062903340935
-0.6783288337790695,0.1096102006701111
-1.5882079081590126,0.9010270014012863
0.2531474775044298,0.7861086969762505
-0.18233695990652654,2.354180895192649
1.7230632633109404,-1.4719695452345658
-0.7586774031832029,-0.03603664183033823
0.021938045742292283,-0.37552811106492046
0.7144393488661311,-0.15199067497156005
0.06217350839944661,-0.12046779738601945
0.6008863220765989,0.19439398174651185
-1.880709024671728,-1.655260126758222
-2.068426148269555,-1.061655018797702
0.019513770811295277,-0.021992982076762306
2.209646527625071,-1.0891941898639914
1.8260072944526082,0.818983515267729
-0.5453992553487198,0.5421838438725776
-0.1336111601911219,0.20486674878583563
1.4684436424142409,-0.7801381767225058
-1.6384745135664898,-0.029435522528829403
0.7220010792760743,0.5026632643979633
0.003654422328928687,-0.9625086815696876
2.2430122098083425,-1.3384024908386474
-0.34659276201303735,0.9325450933512373
0.9365476632277637,-0.8111988207516057
0.5963017859766284,1.3580828522779953
-1.3482326670442626,-1.35776930998934
0.1540445314639452,1.2684769000437088
-1.1630637785335902,1.9329768059845394
-0.812258165592493,0.4025279340299653
1.6962802665861512,-0.54977926274762
0.6577281303931158,0.7900142663427769
-0.5020174645787693,-1.8395446713418746
-1.7236151050558677,0.06233188018327308
-0.9925806460284969,0.0463963201698719
0.2273179213666929,-0.8908258585499276
1.485244409732869,0.8093989537309193
0.7889804685199947,-2.300439790230841
-1.150651937461386,-2.3492044881247818
-0.9948095847742554,-1.0883599856495711
1.7145635551440492,-1.2938615592252944
1.0415141094497264,0.6200148532326659
0.8231977667062141,-0.5856742117446965
-0.6816204940910163,0.7553645782670149
0.9186139995063578,0.9666650754557143
-0.07958076315872703,2.59996959169015
-0.008445845694310578,0.2900962797256769
-1.3896934343433265,0.007883466376892093
-0.5526304981582234,0.8288769857984903
0.7308351417573812,0.31331961960343035
-0.8124122630630254,-0.6212717280744448
1.4549121857954865,0.9649422846268422
0.2467894938125164,0.499808780740171
-0.31716184368849626,0.07227843181886838
-0.7417289369149492,-1.2976595760351566
-1.1964608262808476,-1.1897377832434308
-1.5521046606899334,-0.2666142830721403
-0.3971100671852355,-0.42556603524048425
0.42850395805965624,0.8031372954404288
0.6232570363617278,0.8681474730848745
0.25030745638175744,0.513323136877448
-0.1306271008149224,-0.04323550276775905
0.26995274108433737,2.063456155930376
-1.5751601432683626,1.4109593512052538
0.9436011816358386,-1.545338464778201
0.7878677822768808,0.7496250812312488
-0.4486159685066179,-1.5296473522805827
-0.06153449185726655,0.6845090016149884
-0.3763580710274874,-0.08118297725870459
-0.5125747707441822,-0.5693178329268753
-0.8110122589318215,0.39996626883952524
-0.04585151294275147,-0.513514175368712
-0.5706807494759552,1.6412041694661084
0.6058327621847605,1.6181404565121502
0.6124706909433246,-1.692923513939928
0.7908309510673788,-0.2999893427132832
-0.1300517395630228,-0.41411353061083145
0.2999484784983584,1.4081041278805002
0.8025816780850157,-1.8770444062695415
2.0039534906090406,-0.41853204462138416
-1.0225711796132164,-0.15475491058821242
0.7263878517993194,1.0994957038466087
-0.009418259054736405,0.6129006170443777
1.7683582090171301,0.1901949524147144
1.2837254307670916,2.0761994305596256
-0.01441127939869619,0.014422839090954882
-0.6262496963748135,0.6373283795472008
1.1240632303285685,1.1106197516721594
0.7061059275372674,-0.4763009948796271
-0.5512498110387629,0.5520740959207129
1.2203695047554355,-1.2768682212407838
0.39608724225665387,1.943985684521267
1.5135611557199393,-1.1374613672748473
-0.5208685876084022,2.4996273161353386
1.495667721899838,-0.8530096860312808
1.1593008135032072,-0.0992366217669333
-0.2268188514380826,0.8330164142287687
-1.836037975134964,1.315019798707914
1.2300110342924508,-0.7309180485448702
-0.23003331862183035,0.28683503303458135
-0.25500450777476014,-0.36793129920872636
-0.8870890420661318,-1.270868869840015
0.4550043620381682,-1.395583679028313
-1.0308321297150989,1.1504127421059522
-0.16835990449292268,-0.054437434265433564
0.3344144359986711,0.9457840955517576
1.3748822751562548,0.7772504638042238
-1.1154330670835397,1.757763294943612
0.45632044828030444,2.5890302413579143
-1.3511535932864118,-2.093867603223434
-0.04191670717866796,0.5732928153613778
-0.8143632344576617,0.6168678877195093
1.4215713515349244,0.15370346143915903
0.2246413650026084,-0.31128219853234157
0.46378878567685783,-0.5578933269337735
-0.41135474591162474,-1.2547736725532779
-0.7531304399505075,-1.0261270818651613
-0.5119046745465153,0.2323907097552844
-1.5909485706207955,-1.1789338815996244
1.9838273774737833,-0.556871546297268
1.667946631253943,-1.0087209027099755
0.5400845196264384,1.3076792014684273
-0.4701183140055221,-0.39587369779954573
0.4488300660087504,1.1260328826807897
1.4918800036567437,2.2454560255296587
1.8778375809658558,0.10666621849855853
0.7925551082965125,1.0698757063935302
1.1754094479970474,0.16763617809312295
-0.24259475329312627,-2.000797621947711
0.017448343551426,1.2865978639543116
-1.479966641673723,0.16800814397796424
1.783576734712698,-0.33797205718063933
-1.082045582248153,-1.3639338271649315
0.35054803453266875,0.67478554233352
1.2512444572494283,-0.16774384454147126
0.5565209127167534,0.7454717752711615
-0.3486748507714435,-0.8651652229932877
0.11833502964286531,-0.969575943919334
-0.44910050722462197,-1.243746262898554
-1.2040626584329779,-1.0959318135554728
0.5099044409585736,-1.2096877435704396
-0.8616279230603662,-0.45600204619214924
-0.08561893197906298,-0.35620069539661525
0.009019123992907777,0.5198215151672254
-0.9005453268010151,0.014289889256259453
0.560483228285632,-0.020568102762277246
0.08987168523739152,-0.7654681417520063
-0.21678678596533701,1.3875841843663625
1.4708537386435165,0.060690642248956206
0.21077982526698097,-0.22165172508036188
0.22082662456263036,-2.0972645341855483
0.020877636601795493,-1.004514893076202
-0.29157538431085905,-0.4066532588690119
0.7934393490163534,0.17155079840238766
-0.7717479053007666,-0.9028974194373703
1.2153916240041716,0.8643362465709157
-1.8775754683257333,-0.9642386426959669
0.15048527667186298,0.3604671492536368
-0.017531507838099855,0.07564913126704247
-1.5084346708549181,0.6916612904527831
0.7201996044066876,-0.4216062371088885
0.1525073968187732,-0.7276956506766347
0.4659439522912304,0.6042139064273035
-1.0846365448951916,-0.8202257837558691
-0.13376244066374043,0.7863663984499785
-0.45800418165305806,-1.296422922457413
-1.0530695629052644,-0.7987147143108497
0.5889928809965949,0.036140543788009495
0.7148426207849362,-0.7386848378687436
1.7711962627335354,-1.7062205141114721
0.5167845441250574,0.7635200800927383
-3.270472496844582,0.4853402512698926
-1.366746616665906,-0.1342451455879595
0.6207715503442961,-0.3485880045363148
1.7209865913299873,1.088999920688405
3.551776826525719,0.9091916372614426
1.1378171283643943,1.0382289999951657
1.2575379586036874,0.3191176756021976
-0.36346198638632643,-0.11527073728789111
0.6334661296058909,-1.6101766185573392
-0.0861046277095528,0.24423177841482185
-0.447791586710431,1.1869916643885676
-0.020894977158292416,-0.30700999186829997
0.3995587602064504,0.02274289881105195
1.0187787205207224,-1.8369113068831597
-1.9633583926387554,1.3788616514222076
0.2360689174659452,-0.703723301152826
-0.9168914664967963,1.2593499672869755
-0.04960102488338974,-0.4937660681394923
-1.1104583558595782,-1.3484845394856888
0.8356389670467621,0.3552584633683093
0.4533250885330343,0.38603540315782076
0.491652189758867,1.311321254297491
-0.4168325853842866,-0.39719159079082217
-0.09401541943996064,-0.9122972234988755
-0.6480729581321358,-0.24090972149291398
0.7190245445123904,-0.9219390548402797
-1.2775076300657455,0.6840019388373868
2.2080241259130546,-1.1606675032933333
-0.16118040173698592,-0.4043145069563429
-1.4355231461999447,-0.28671336591871993
-0.8000011576354052,-0.06888163974069984
1.3558349114369195,-2.6947634397878866
-0.22140319683553245,0.7144431204428332
-1.1587144918877195,-1.203816837314648
-1.1663097778357743,-1.3868100191290778
0.6300987676528808,0.20348801067994862
1.4170799373884428,-2.2503679204633578
-0.8792534792194533,0.8492070050823912
1.0227232900106902,-1.4080767119082784
0.5507260031355625,0.3407539569041838
0.28465362843859704,-3.117862410822027
-2.104907751698843,0.1362866407040128
0.7424258309329463,-0.7685421980529333
-1.220550785815653,-0.8349158045409029
0.5645250478347359,1.7847458035392636
-1.1693922198155255,0.09111417173862911
-0.7399079984007139,-1.07416425041706
1.5664993298494228,-1.2931298310072101
-0.9081564004469557,-0.4566171988643446
0.8331004365081223,-0.19899477521789705
-0.19447036803470286,-1.484657768759109
0.7752725804759032,1.125611285425853
0.446823132043171,1.40540416855196
0.9652054765479348,-0.11645928791519135
0.207685069284425,0.4323014515403614
-2.0095239375854517,1.0688647707527181
-0.22751725440228698,-2.6514918860060384
0.4260284385824216,-0.38380123876563965
-1.181279700856365,-0.13211076016518977
-1.2444443070883202,0.43510179812215505
-0.8739146005640368,0.7662903150994724
-1.0864149748901661,1.4707191766154923
-0.26624787214907425,-1.175390775742567
-1.1913241065286664,0.027320362435754468
-2.022480088092752,-1.0907446699972498
0.8490506290543778,0.18117179417086055
0.46829261807872646,1.8101508700649331
-0.7006095033890418,0.38827463919262656
0.1602150597710883,-0.09474817782659328
0.33701989349400696,-0.5140882257879389
-0.9831756439084197,-0.5089074828396596
0.19323763218840823,-0.7993921940060784
0.6072689887266558,0.025731762736693906
-0.5515562549138537,0.7970123133220346
-0.9828611796792869,1.068332702167761
-0.47521310689667556,0.46049741354571444
0.8888808215204258,-0.12904144568915904
1.2500030291911914,-0.22622398413183592
-0.2773275959102939,1.1738404602784782
-1.250384971200585,-1.0666799322145182
0.3009856683519607,0.22752947467099752
0.1666982888840594,1.4832447740603556
-0.6180217481365536,-0.39090429261884524
-0.8947278577622281,0.6229282649110358
-0.2980856981952528,0.18337766800268981
0.10125459905345399,0.0763198550427878
-0.9421646818196481,0.6118934391496863
-0.3027826429586211,-0.1683216641018898
-0.7403829993779777,-2.7959689276570354
0.4774731044185212,0.20305222970502912
0.8030682767231696,2.3783521476133767
0.4664251250424378,1.3703886027370924
-1.943773172608906,0.7544584681142307
1.1503264399663484,0.67221450166165
-0.7535201505065998,0.9805674051251666
-1.0216214782362436,-1.762704504582462
0.29301349684781886,-0.9651698144669131
-0.405777714128804,-0.9184124027775921
0.5362727472474415,-0.379696171207539
-0.6225517188240153,0.9146720321588739
0.9515410946890415,1.386051713238409
-0.4606561886439258,1.13356169134998
-0.25786681148240603,-0.9347118962796193
2.1259386114556302,0.3772011027951247
1.630919967941531,-0.155878203156949
-0.19644776883363943,-0.35104837413346424
2.55268115871779,0.8029085274599604
0.613566526169319,0.03557416675281307
0.21506451448165792,-0.15182229370500047
-0.31958438890522695,-0.20412397134311328
-0.1013274041602129,-0.7801583879572705
1.5445086935754735,0.5607893317047606
2.1151468451683333,0.14751000549475463
1.1759977997572124,-1.2765461078368365
-1.1141592384361478,-1.4622468633492078
-1.398144678213862,0.2808202368048524
0.4929499038064748,-0.8516711373317425
-1.6754372862347244,-1.119787567293013
0.9112774370924519,0.060094440493402054
0.41139099825843517,-0.829772248681739
-1.4807196303564731,-1.899490132658039
-0.19648540396394196,-1.3891420268504373
-1.3201515825619534,0.8744420415783116
1.4003486040825044,-0.27560096058809236
-0.056049239896036204,-1.2267238590238054
2.2962549611911336,0.7185533264518293
1.6184282184338816,1.1608259559259888
-0.04866681834578085,-1.005233630233718
-0.20916037846370397,0.180713910820922
0.2279280894440687,0.7592056047230653
1.602476775755156,-0.681195351448985
-0.020206827849894922,0.695480347185372
-0.470632241500878,-0.5482843411418222
0.2341312102136919,-1.5906649389339713
1.029935125350917,0.3880816428144597
2.1309426036464365,1.2888603688323035
0.8561206075095815,-1.9021374752747233
-0.2500820227146776,0.12536663552532626
0.411081043373087,-0.45627000936944445
0.24583065556084702,-0.2053159381802573
-0.272361013865161,1.2716601797979044
0.7130503327058214,1.4334206618068965
0.3008226645725246,-0.8464644300522294
-0.9250700586039167,0.21553582270688776
-1.2565177860687773,-0.004791027659734694
-2.009808299635495,-0.997697465851888
1.1332344517820236,0.012278761840541243
-1.034594151267775,0.8210615583389399
-0.379884232238685,-1.1474062625697001
-1.4805900941339913,-0.576229063245837
1.2838103651933945,0.9671396167042408
-0.0295530892367646,-0.10454158218062105
1.302885479339973,0.07460390291846075
-0.9285436018685639,-0.48484726845686105
0.7739307990149762,1.0699216149164534
0.06740563556658241,-0.46225981963544344
0.8475286963329893,0.7864688500396002
-0.26871992894634616,0.39203407523440587
0.8047783493719823,0.07238691681594377
-0.5447158542196496,0.3593366766467846
-1.626998075898487,-1.866816380126761
-0.04031500344157022,-0.10467330736294593
1.2763471701296423,0.5667422535704995
-1.5851014768806304,0.6695565454848453
0.3536494828595812,1.0126016172507482
0.20537413886546968,-0.10565357870961577
0.2928134130589412,0.46290585600765105
-1.7908419403624845,0.8959172473601863
0.4055001810540644,-0.8591718465677352
0.8018900070909485,0.08187309516445496
0.28237557624456194,1.0072653176010546
-0.20533304031255437,0.07435238921070372
-0.4888606913150483,0.7155082060209237
2.9032475711406205,1.2890003955403218
1.6943202727154423,0.06014208231362845
0.2888204153527311,-0.2625020200820402
-1.2056782004716375,0.5820460234259475
-0.6908714750715107,0.7689467996527332
-0.7234615380788704,1.8869789544657123
-0.11487420748982372,-0.18240610774928434
0.4946764122466246,0.27041560715014745
0.9968053826893915,0.4842934582917588
1.0346272672205514,1.1581466048452262
-0.10308491674153143,0.20838814499856656
1.3167290587090674,-0.3652630996067548
-0.45547213516183616,0.5268255501084553
0.7132462416266488,-0.006246471269225544
0.5944011811450555,-0.8381866403967554
-0.31689328041505294,-0.1273056431345284
-0.13648205554253265,-0.44944030463457746
-0.15090119103336241,0.3756174285715964
-0.5899737557570515,1.078604901121173
1.0472933120716277,0.06580217754557227
-0.13607431034003914,1.6420562480616077
0.2674030616394722,-0.44679342576006587
-0.029719355646380584,0.223245831729035
0.5683994250615587,0.8830185016436723
-1.0807378184722143,1.2206019814554256
0.5890261635079648,-1.6793571373542673
0.5728645279113511,3.165384038547696
0.657413490122839,1.4773973604260098
1.414302069006922,-0.07985276275495837
-0.6880485738588669,0.9921419449001849
1.643939648282643,1.3343925983266927
-1.5685471089067473,0.28152387086291636
-0.018554312154786156,1.3744732731562603
-0.5775322178054502,-0.5667537990449503
-1.36317631687658,-0.2754368076061856
-0.7952497450111085,-1.0895791785716937
1.4365428198985024,-0.5936344802903772
0.6746891584638821,-0.5997204815350732
-0.6825321918841942,0.03864185393820966
-0.8163658789184579,-0.13645404667718156
-0.6955592455247198,-0.9428940032074965
0.2524089678465092,0.6536931772386073
0.7476000948199608,-0.30768726754473347
0.4053099015426897,-0.20436271439000517
0.039480355928708105,-0.573789336516285
-0.546365549043991,-0.513751198599741
0.5210687917133412,-0.8111601682053663
0.7767716284427026,0.013427135106000758
0.4763202372327945,-1.7044333374813072
1.6773855574310774,-0.20366489264126475
1.0065338832001556,-1.5277526617844475
2.380565056826925,0.701924748773608
-0.8127900906797678,1.9299254954577159
0.4885209540329502,-0.20319817459502032
-0.19930756120038992,-0.04200189381312044
2.058092388893993,0.07568630538455193
-0.41933939993173314,2.26773840699642
-0.9620881815028732,-0.46378723448488657
0.0011616301126384173,-0.2794215062378249
-1.8558353724966221,0.16820591602472498
-1.2854064275050912,-1.7993244138633635
-0.08494990238612952,2.2178279707624764
-0.5562924312146572,0.7027015627072122
-1.1221456464031105,1.093331327155039
0.023718354987939304,0.6278645239121818
-1.2651557606003516,1.808516763355292
0.056820213327675895,-0.057346073182172545
0.823297517499033,1.2897692742695257
0.6333518019323551,-2.2771167067836524
-1.4709396979292921,0.09190642646742009
-0.25130131075371265,0.49490744949608595
0.08302132125569602,-0.5768387986699691
0.014513953418764224,-1.0444791936130955
1.4184023164107966,0.48411633876746357
-0.3940538248420519,-0.2298672187177377
-0.2949388894888641,1.521401277181914
0.46622585016197626,2.904173698640139
0.3602459652048447,1.7338102958705668
0.32672060515987195,-1.1186909315928766
-0.7939563169816917,0.8969528702603583
1.3549076741718824,1.7916302805047484
-2.397797618222621,-0.5367922515708027
-1.3602344331979614,0.6890826519442981
-2.8034826986688737,-1.6379942323674597
-0.8676268291110836,-0.15053717281483645
0.2866399564532043,0.06063470430316759
-0.6535269817325776,0.36736025333165656
-0.9542560402070341,1.4231637898380514
0.8539982582890757,1.209237714465915
-1.649778028121601,-0.1694147338297891
-0.5014188464455602,0.3721791880441381
0.5508794349586603,-2.42606822457828
0.8217167533725833,-0.9941523092665622
-0.5836705314902734,-0.7479628333297647
0.2631354068898502,0.4251708304035094
-0.2782201445815653,-0.8326658815514484
-1.4397717597789275,0.03275920103845362
-1.0224897419529357,-1.076403681486151
1.7270835540573366,-0.3001549722282174
-0.3697869611300034,-0.2220268083997248
0.31787589281796463,0.030632593205079973
-0.5882710890830274,-0.6429127248867241
0.3833363938376385,-0.5566556089951027
-0.8018941813904014,0.9156635238858283
-0.14045743041916836,-0.45188836839308555
0.22391902185725623,-0.37646232825893594
-0.034702889424244224,0.6002047672471866
0.3047037258803113,-0.5893880384157689
-0.6385216109166311,1.8775811025100126
-0.20803901329379298,0.3059711865879145
1.0407552464729115,0.4160482011502191
0.9413770860026034,-0.6017020716069871
0.059671533498474386,0.2530184747380904
0.46582803359418673,0.9978093040065128
-0.43975399071264903,0.20585762091030715
1.2678498518658958,1.3741867826435297
1.601577580759272,0.4894346816512707
-0.30547799880323817,-0.20843657419510514
0.22071405701554042,-0.6107567038635332
-1.6999705339137248,0.9993610026593998
0.3100815500978898,-0.3835518515547048
-0.6789997633505489,0.15395329880430375
-1.074438196182834,0.46338691203230686
-1.9315263673886907,-0.5724960401213616
0.9081599745995335,0.8739625077796221
-1.5302368180984072,1.1781701624859795
0.16242547742377372,1.360912833354704
1.332615719885434,0.46339239587627296
0.061420349422766946,-1.3470647991513174
0.6339340748883971,-1.8979932797529941
-0.5218700904093,0.7124395400233164
0.43103935537123544,-0.22501271178640045
0.6236407027924477,0.7197771785189297
0.28764646527721266,0.0025469615453544616
-0.2126734478955113,0.3842220593088816
-0.4676702998216723,-0.37386529535612567
1.3439981751856527,-1.7069735178290388
1.5646243188523783,1.304447506716103
0.42817011988509013,-0.06506580547057407
-0.4696795820010186,-0.5438450419595449
-1.1809278321495997,0.10213593267713593
-0.6311021718600063,-1.3445459683466703
-2.1066847696053888,-0.6181721605937406
0.7141736590919411,-0.5172091531998508
-0.6195364428414125,-0.7920378426037736
0.4733468970003967,-2.4818688706743584
0.9591022021857032,0.6635151247724859
-0.13433257820198743,0.1887728668492194
0.9848547274505464,0.3692679657842931
-0.4516710974155636,-0.09004525408644297
-0.3147594512397062,1.0195247511518226
0.6870660576011396,0.8488948556930913
-0.1753251366833269,-1.890983669211111
-0.2823864921650662,0.5678281025701729
0.21964913353302998,-1.9201074892798382
-0.277561927501339,-1.689243670257083
0.23932330464332616,-0.20649678515323075
-0.22763047962159297,-1.0102300587032855
0.33052467183004874,-0.7078764649351164
0.06806516576177167,0.970050675833392
-0.49226296934815367,-0.4670474102244122
0.9128010403438956,0.17132818798681096
0.45871535314052214,1.2086609715062597
1.325751594117041,0.09805390873103012
-1.0733869555384339,0.16744139346813816
-1.8244307269286943,1.0141368039752778
-1.4672623034642251,-0.9058363654801721
-0.38521678783556634,-0.2589423397456787
0.9220463241626011,0.7147238627486907
-0.19370509971840916,0.3362146203038147
1.7527158824069544,1.1219645807987946
-1.3855921923411547,-0.1564220086098251
-0.5625755182977457,1.8605333472596306
-1.2860530704877755,0.19774232689295262
0.8119515452279894,-0.16294663294309333
-0.9298849402363816,0.9454496652966347
1.8010773775302027,0.11106494640783697
-0.21097937283438795,1.5845619653400251
0.2757168959908471,1.3365474572730813
-0.9242160582090997,-0.3221292304242018
0.5585787981180151,-0.09445961613470331
-1.5761802185316673,-0.96247922851818
0.7012402555213243,-0.15421867440392287
1.1860411455872117,0.8153469606104566
0.5253732971592647,0.41813884517335626
0.031385416565540836,0.7811589016041428
0.14371007396978164,0.171998493980715
0.03673646599243148,-0.2176179212605368
0.7401418398904929,-0.05620077459010423
-0.8409661062395816,-0.7087941769778794
-0.933458554881551,0.8547873602901102
-1.6954184837876227,0.17094474815808705
0.03635111614887667,0.26716433490235747
-1.0726800290603087,-1.091152824306162
-0.6766316371009695,1.521475037623978
-0.9000307232312194,-1.7552587751182092
-0.3386069270753571,-0.3522398295219709
0.8136619630257907,-0.15229672060902935
1.1430523656742317,1.74914408791554
0.8559539078735214,-1.055068586952506
-0.7780014993571498,0.29874415518712083
0.4007330213803541,1.0601815977870601
0.8312849552295674,-0.6745821983152821
-0.47514002042823156,0.19046021196619642
0.1787349154972621,-0.7893071313163977
-2.285237469744163,1.2639357741667974
2.005257750426655,0.9985232706402043
0.02075080341659064,0.07474348036043672
-1.6108010861175788,-0.5656767687752149
-0.6119025966870416,-1.306197953857985
0.22971704875632093,0.4555637041757933
-2.3753716726128054,0.009418077064864784
-0.9013508312446715,-0.04863026598329802
-0.5193986831980263,1.3326679706370517
0.8775060621258286,-1.2309544974259512
0.39522781694843956,0.3637795158218566
-1.4647824694995535,1.0228402316168588
-1.076001454166976,0.09618236970876021
-0.3051371635590646,-1.100860589443929
1.3840803518499158,-0.38950246842713016
0.7113914803731752,0.2703119049174666
-0.5810029846937982,0.2513380535470656
-0.5150634692249937,0.21923900179322856
-1.6325514906403846,1.6781291484692509
-1.0019204154182368,-1.3212793343753917
-0.6218046535231341,1.0837912349246037
0.07092672409031943,2.03143109394933
0.08712050819106275,-0.02559370760065041
-0.29017912351976516,0.9906916559017458
0.5856673115339187,-1.1461440522191833
-0.4288834323740819,0.19735215798696398
0.6601882876828886,-0.6227730304851273
0.12743313353447117,-2.0483438577988333
1.3646631704906547,-1.2430769577248435
-1.3664984079142184,-0.2977426345565268
-0.009574533551079543,0.8667471749506609
-1.0587195126333169,-0.9835081416004182
-0.19310064538673682,-0.03184701959487989
-0.18746272638589723,-0.6239153473193066
-0.8681504758209612,1.0115264712757082
0.1965790055994767,0.2669325717380518
-1.3469167892906906,-0.31380674755525534
-0.1681172843037609,0.2962597570738576
1.5045201440932687,0.38711358585397965
-2.198361862287853,0.2937609718713177
0.30436320139757495,-1.2549802430130197
-0.6257121304626394,1.0888826698119873
-0.7063136216829036,0.6032223533408073
0.025623728268692806,-0.4163890053224892
1.251841402282851,0.5220985588128022
-0.2524668488401513,-1.7616988898072838
-0.5611998287202592,-1.136342622229259
-1.1654838098426759,0.4103251754344729
1.0443592809338262,-0.19834020154208468
0.45546572613370456,-1.034013394268711
-1.0263372503595165,0.13619735727040003
0.7094575444039841,-1.1680214766311139
0.891715974989746,0.3038134888560099
-0.15606865244826867,0.2765464546915416
1.687217315582853,-1.1544051710287047
-0.5263547134048875,-1.234105306337229
2.1112335527100714,-0.34513148642335817
-1.7048463856983618,1.2142840453122032
-0.379465966548359,-0.004590055046967002
0.9252741502808836,0.5710740585558532
-0.8631096066768106,0.5992055960121128
0.4796172889023215,-0.25071043983975283
0.08270685852407772,-2.158612441365243
-0.5746406803201529,-0.0651094341450715
0.09447419082697503,-1.2229347459593312
0.7443304940949841,-0.5318265680244556
-0.3009082056446919,-0.7447876368175059
1.9491869230808039,-0.18153825954322708
-0.04573606986611731,0.9852460930455266
-0.9909219156632201,-0.2337247180966283
-0.7262157300531836,-0.19038795223721605
-0.06590846840487742,-0.14624121420255148
0.5008395230820295,0.04257863531441289
-0.37570364983646515,-0.06989060067230152
-0.301541088601177,-0.8575362475358616
0.5352713699947834,1.5260003013299128
0.3439337498501186,0.5748540604162943
0.7360245902709442,-0.01168604017520464
0.7536237886528755,-0.2296027144484886
-0.8497761800467267,-1.417739830779234
-0.2903385555260394,0.28384907379650476
0.08942663100111341,1.0150234453100306
0.40252961253383873,-0.1443021591752726
0.166299950203105,1.1160476388599185
-0.037457171313029246,-0.37658227120896753
-1.6886463458044025,-0.2896375240315411
-0.902937086973844,-0.07022273218303603
1.1295641475806832,-0.08703111058293048
1.0372145515134779,0.7495605088412151
-1.0536091023207745,0.7951864359713976
-0.06351656874683395,1.2601988219710112
0.674676580883771,-1.17806206000186
0.7492458514583393,-0.46482520484681716
0.2778512829372339,0.9939848521480347
0.17939890007677015,-0.03011690181330972
0.5140741315189137,-1.6926924584034508
0.045976726441815934,1.1990573253971406
1.537783620591463,-0.7925189446753125
-0.7315092559937714,0.9846210619412827
1.3168830709608093,-0.7722343122861212
-1.4894207803193236,0.8650651790302291
0.3008503380782532,-0.7447431310507624
0.08637296340835401,0.18979435971317296
-0.6956400301480631,-0.10303826376971861
-0.6982508675334341,2.2375092006788986
-0.9706316168135405,-0.7585072862753167
0.02754025267120506,-0.6732500633366015
-0.6043436366325488,0.6737880742874092
0.04432819733681871,-0.11859857216111962
-1.9454814449574238,0.3965590946912356
0.08923168522335552,1.7703243092511765
0.17117140276908022,0.8887017083091117
0.8765622038610436,0.14290948657736344
0.4021939175164303,0.06134950865786043
0.6120749763767674,-1.0933370277109569
-1.0985654429676321,-0.4531211136425599
-0.6183065177149548,1.4738510369530817
-0.4223195864208011,-0.865805598508022
-0.5827033742966445,-0.44034873878010544
-0.5038727270518992,1.4824502418066685
0.3096755915014284,-1.0663776294998997
-0.0567041139637199,0.018686438665948477
-0.852409828248544,0.04135264876915963
-0.6205255096598044,3.366587260303606
-1.2710142970717824,-0.5619440597738721
-0.05548710336854469,-0.12440792116793915
-0.07968725838975506,0.27240891427042924
1.5275563741074707,-0.1702238008751465
0.6889455926315747,-1.4022440125022735
1.6301018756679293,1.5569344461322057
1.353417145525,0.4206033692786187
-0.8505191393152597,-1.8668190417743613
0.21989708593436932,0.10751720447502032
-0.38254067154407706,-0.5789328219557474
2.2750028194924705,-0.5814162684007556
-0.03717496473006478,-0.434528997585207
-0.8058868582188694,1.0834846103493647
-0.8860415454806694,0.3013126817163505
1.226053365871302,-0.3954928287559647
0.7906834510428735,0.7764672451445944
0.7758422099142271,1.3204538104949983
1.035761398700403,2.3738855074141396
0.19207151653016466,-0.18231905683610689
0.21731553158567468,0.7243093068453469
-1.2092619878943542,0.3364287521701753
1.1160574047979441,-1.097726576955823
-0.7601533624245231,0.8664764260307026
-1.3497036718323776,0.577084090553155
-0.506589924262778,-0.33640356307867425
-0.1252071442101265,-0.22845020906555685
0.23950469272718555,1.1818142306175923
-0.994885781572163,1.4273960640960324
-1.3003885463706628,-0.8367910760649835
-0.9191880549298883,-0.5953405723235317
1.2512801286098194,0.8624574611479563
0.5974177130610664,0.751744353600835
-1.1765699093049424,-1.501157357761888
-0.7578270401050524,-0.38958624587758445
-0.4975564254702542,1.3965883548961837
0.2619418936257509,1.6829833485489014
-0.35426495430989074,0.673440200614603
-0.9726532623809074,0.5185051195245456
0.5388071764211668,1.7535372097526212
1.4598335630961017,0.3864028550286973
-0.7705268181718712,-2.0073174108454372
-0.46690813384580054,-1.6047897983862698
2.0731891486883463,0.6686013945443057
-1.699926772163945,0.5767419622050911
0.3568336928795519,-0.0750414488529156
-1.5250797440023172,0.013918391244103134
1.8436392772715118,1.0261232792603516
1.4137163579741303,1.0549006764055677
0.07663527695075203,-1.1923995431436472
0.49034357816099106,0.30889110875057574
-0.6101421187478805,1.5840684691114524
-0.06951046380857279,-1.4866807854012698
0.08081563704995902,-0.22666920577677016
-0.3054694504713373,-2.1096744354897763
-2.2690598952988488,-0.3023827528155971
-2.053351210235499,-0.8833493468443813
-0.44460884014329566,-0.47320532760852085
0.65571572434374,1.1715877451652466
-0.7152057036185138,0.5761237253977993
0.7644651718852369,-1.0803215497388055
-2.2661819946247985,-1.0172789769477786
0.829981475883486,0.022267999828721855
-0.9016953896554755,0.44439779493464154
0.7406537710831781,1.2677297702435653
2.0411889599293604,0.9119244079896467
-0.3198185259859299,-0.6134462670141745
0.08571350204664617,-0.7470672999305119
-1.2029404035521483,0.6897755695963687
0.5783999769307259,-2.137162479885092
-0.304416545230638,-0.8281445682491235
1.836766978233801,-0.9826282408955138
0.8910469527251975,0.783775073184775
1.6044024913602188,0.8556765886988738
1.279001069544026,0.8912333279635327
1.3983244912582393,-0.8064063009727442
0.5088290871648243,-0.5781162927784653
0.6434907579479083,0.46001181085373793
-0.24620699820205683,-0.5605722241875429
0.29765735009064254,0.2783462212252997
-0.5295357013469794,-0.642004903505548
0.5434914118397969,-1.0431290798334827
0.012874305655843325,0.8601196501653936
-0.6695816881578804,0.40284837481560987
1.04647533376416,0.06549404412188135
-0.2015017774936564,0.3762414083928026
1.0393565266651956,-1.4316040584771796
-1.1268896053214976,-0.18953059169888567
-1.3580650992538355,-0.035809769769007106
0.08127283830765165,-2.602935650181687
1.1599936098489896,2.417809206120074
0.4296577853875713,2.0440460954738704
-0.10312896225177935,1.3338991700834293
-0.8762666790454973,0.04473967436428624
-0.27565573557100564,-0.15274361263944464
-1.015979323443684,0.30732514524331805
0.7294008024916442,-0.4140636669947359
-0.13490724331921375,0.8359568176865919
0.05794608005322573,-1.7379876815836255
-0.20318957582797723,0.15755036423395646
-0.22155641892736208,-2.425864369761334
-0.07186765929563567,0.6988478503219899
0.35620475118581496,1.3598104177754262
-0.681549899337993,1.2474426693960001
1.0786790175781351,-0.39810186748494514
-0.790229028306221,0.12524709851748275
0.21655280595628543,-1.6864641482870646
0.843420292404589,-0.4725187289893778
-1.0617878688767421,1.4922090013242195
-0.3932837772393535,0.813347443522939
-0.5739662433866467,0.32451590408452474
-0.6543763256602239,0.49841091196497483
-0.4662026182385539,-0.5675308259525242
-1.3867733511737532,-1.4427063126627941
-1.0466479417999996,-0.3293081800448423
1.9119583311039894,-0.12335874176416582
-0.8412346067245556,2.0054832176491173
1.0791770603892268,-0.6961754852684728
0.6223874727189496,0.27795669611271906
-1.0207259961550916,1.905041860145343
1.5219106063039096,-0.16295764975328467
-1.027554672214336,-0.2774976459150168
-1.0685221505669105,-0.1800299338406411
-1.692422980239362,-0.12408676465273757
0.6951544439696659,-0.9988122712286234
0.43106809800742446,0.551119436913801
0.9338716680450578,-0.9685586278537156
0.5462208147211848,3.3316452218354464
0.12151761705254271,0.33886958684704654
-1.007817934812759,0.6405831183619636
0.9265755364438479,-0.5778650657171805
-0.3133776170369599,-2.1800209272825417
1.0020745979306027,-0.2613776260535215
-0.9643731307658203,-0.2803363577525721
0.5395168730476698,-0.10239928868057699
0.5644148346608946,1.6047785428042471
1.6031520816482179,0.8515407046717034
-0.06646049555120558,2.019685327360147
-2.1138542753676126,0.2147522452293378
-0.5219224303322643,-0.42202314080599934
1.0275801678140712,-0.6646573123943614
2.0052798510148473,-0.3341135875005967
-0.38059182742674424,0.6976454264832667
1.97367621191477,-0.41963807379069895
-1.3362718982704973,0.46680994417091487
-1.7570642356512485,0.8340720137351523
